nan,nan,nan,nan,90.0
nan,nan,nan,nan,89.75
nan,nan,nan,nan,89.5
nan,nan,nan,nan,89.25
nan,nan,nan,nan,89.0
nan,nan,nan,nan,88.75
nan,nan,nan,nan,88.5
nan,nan,nan,nan,88.25
nan,nan,nan,nan,88.0
nan,nan,nan,nan,87.75
nan,nan,nan,nan,87.5
nan,nan,nan,nan,87.25
nan,nan,nan,nan,87.0
nan,nan,nan,nan,86.75
nan,nan,nan,nan,86.5
nan,nan,nan,nan,86.25
nan,nan,nan,nan,86.0
nan,nan,nan,nan,85.75
nan,nan,nan,nan,85.5
nan,nan,nan,nan,85.25
nan,nan,nan,nan,85.0
nan,nan,nan,nan,84.75
nan,nan,nan,nan,84.5
nan,nan,nan,nan,84.25
nan,nan,nan,nan,84.0
nan,nan,nan,nan,83.75
nan,nan,nan,nan,83.5
nan,nan,nan,nan,83.25
nan,nan,nan,nan,83.0
nan,nan,nan,nan,82.75
nan,nan,nan,nan,82.5
nan,nan,nan,nan,82.25
nan,nan,nan,nan,82.0
nan,nan,nan,nan,81.75
nan,nan,nan,nan,81.5
nan,nan,nan,nan,81.25
nan,nan,nan,nan,81.0
nan,nan,nan,nan,80.75
nan,nan,nan,nan,80.5
nan,nan,nan,nan,80.25
nan,nan,nan,nan,80.0
nan,nan,nan,nan,79.75
nan,nan,nan,nan,79.5
nan,nan,nan,nan,79.25
nan,nan,nan,nan,79.0
nan,nan,nan,nan,78.75
nan,nan,nan,nan,78.5
nan,nan,nan,nan,78.25
nan,nan,nan,nan,78.0
nan,nan,nan,nan,77.75
nan,nan,nan,nan,77.5
nan,nan,nan,nan,77.25
nan,nan,nan,nan,77.0
nan,nan,nan,nan,76.75
nan,nan,nan,nan,76.5
nan,nan,nan,nan,76.25
nan,nan,nan,nan,76.0
nan,nan,nan,nan,75.75
nan,nan,nan,nan,75.5
nan,nan,nan,nan,75.25
nan,nan,nan,nan,75.0
nan,nan,nan,nan,74.75
nan,nan,nan,nan,74.5
nan,nan,nan,nan,74.25
nan,nan,nan,nan,74.0
nan,nan,nan,nan,73.75
nan,nan,nan,nan,73.5
nan,nan,nan,nan,73.25
nan,nan,nan,nan,73.0
nan,nan,nan,nan,72.75
nan,nan,nan,nan,72.5
nan,nan,nan,nan,72.25
nan,nan,nan,nan,72.0
nan,nan,nan,nan,71.75
nan,nan,nan,nan,71.5
nan,nan,nan,nan,71.25
nan,nan,nan,nan,71.0
nan,nan,nan,nan,70.75
nan,nan,nan,nan,70.5
nan,nan,nan,nan,70.25
nan,nan,nan,nan,70.0
nan,nan,nan,nan,69.75
nan,nan,nan,nan,69.5
nan,nan,nan,nan,69.25
nan,nan,nan,nan,69.0
nan,nan,nan,nan,68.75
nan,nan,nan,nan,68.5
nan,nan,nan,nan,68.25
nan,nan,nan,nan,68.0
nan,nan,nan,nan,67.75
nan,nan,nan,nan,67.5
nan,nan,nan,nan,67.25
nan,nan,nan,nan,67.0
nan,nan,nan,nan,66.75
nan,nan,nan,nan,66.5
nan,nan,nan,nan,66.25
nan,nan,nan,nan,66.0
nan,nan,nan,nan,65.75
nan,nan,nan,nan,65.5
nan,nan,nan,nan,65.25
nan,nan,nan,nan,65.0
nan,nan,nan,nan,64.75
nan,nan,nan,nan,64.5
nan,nan,nan,nan,64.25
nan,nan,nan,nan,64.0
nan,nan,nan,nan,63.75
nan,nan,nan,nan,63.5
nan,nan,nan,nan,63.25
nan,nan,nan,nan,63.0
nan,nan,nan,nan,62.75
nan,nan,nan,nan,62.5
nan,nan,nan,nan,62.25
nan,nan,nan,nan,62.0
nan,nan,nan,nan,61.75
nan,nan,nan,nan,61.5
nan,nan,nan,nan,61.25
nan,nan,nan,nan,61.0
nan,nan,nan,nan,60.75
nan,nan,nan,nan,60.5
nan,nan,nan,nan,60.25
nan,nan,nan,nan,60.0
nan,nan,nan,nan,59.75
nan,nan,nan,nan,59.5
nan,nan,nan,nan,59.25
nan,nan,nan,nan,59.0
nan,nan,nan,nan,58.75
nan,nan,nan,nan,58.5
nan,nan,nan,nan,58.25
nan,nan,nan,nan,58.0
nan,nan,nan,nan,57.75
nan,nan,nan,nan,57.5
nan,nan,nan,nan,57.25
nan,nan,nan,nan,57.0
nan,nan,nan,nan,56.75
nan,nan,nan,nan,56.5
nan,nan,nan,nan,56.25
nan,nan,nan,nan,56.0
nan,nan,nan,nan,55.75
nan,nan,nan,nan,55.5
nan,nan,nan,nan,55.25
nan,nan,nan,nan,55.0
nan,nan,nan,nan,54.75
nan,nan,nan,nan,54.5
nan,nan,nan,nan,54.25
nan,nan,nan,nan,54.0
nan,nan,nan,nan,53.75
nan,nan,nan,nan,53.5
nan,nan,nan,nan,53.25
nan,nan,nan,nan,53.0
nan,nan,nan,nan,52.75
nan,nan,nan,nan,52.5
nan,nan,nan,nan,52.25
nan,nan,nan,nan,52.0
nan,nan,nan,nan,51.75
nan,nan,nan,nan,51.5
nan,nan,nan,nan,51.25
nan,nan,nan,nan,51.0
nan,nan,nan,nan,50.75
nan,nan,nan,nan,50.5
nan,nan,nan,nan,50.25
nan,nan,nan,nan,50.0
nan,nan,nan,nan,49.75
nan,nan,nan,nan,49.5
nan,nan,nan,nan,49.25
nan,nan,nan,nan,49.0
nan,nan,nan,nan,48.75
nan,nan,nan,nan,48.5
nan,nan,nan,nan,48.25
nan,nan,nan,nan,48.0
nan,nan,nan,nan,47.75
nan,nan,nan,nan,47.5
nan,nan,nan,nan,47.25
nan,nan,nan,nan,47.0
nan,nan,nan,nan,46.75
nan,nan,nan,nan,46.5
nan,nan,nan,nan,46.25
nan,nan,nan,nan,46.0
nan,nan,nan,nan,45.75
nan,nan,nan,nan,45.5
nan,nan,nan,nan,45.25
nan,nan,nan,nan,45.0
nan,nan,nan,nan,44.75
nan,nan,nan,nan,44.5
nan,nan,nan,nan,44.25
nan,nan,nan,nan,44.0
nan,nan,nan,nan,43.75
nan,nan,nan,nan,43.5
nan,nan,nan,nan,43.25
nan,nan,nan,nan,43.0
nan,nan,nan,nan,42.75
nan,nan,nan,nan,42.5
nan,nan,nan,nan,42.25
nan,nan,nan,nan,42.0
nan,nan,nan,nan,41.75
nan,nan,nan,nan,41.5
nan,nan,nan,nan,41.25
nan,nan,nan,nan,41.0
0.09597262490059778,nan,0.0006305887511969001,nan,40.75
0.09669579211332734,0.0006400172149538252,0.0003130963413324933,0.0003522409304296155,40.5
0.09725265933050543,0.0005623051782556801,0.0001950980243243705,0.00030798837858265343,40.25
0.0978204024698387,0.0004840547765824141,0.00015677037904402341,0.00024242200034857095,40.0
0.09822076888367026,0.00041518514857491473,0.00015395721378629764,0.00013944934666307654,39.75
0.09865077276698853,0.00046230055227739625,0.0001447169913797663,0.00015464181869698918,39.5
0.09914536998822505,0.00043606278404490634,0.00014389528741256172,0.00026001626925972743,39.25
0.09952289833507834,0.0003932744936913646,0.00015083373569650912,0.00018733227330866575,39.0
0.09993191897560778,0.0003422662919000813,0.00015183365059184112,0.00023023423805206,38.75
0.1002074309188785,0.00026594065143337176,0.0001681448249802292,0.0001667789704315019,38.5
0.10046380027847453,0.0002826153998910716,0.00017727612960273583,0.00020701123508030939,38.25
0.10077266171866064,0.00031160535108915727,0.00017949753964936708,0.0002782797936577777,38.0
0.10108701098065284,0.00025178932168137824,0.00017558577687354945,0.0002536946368626898,37.75
0.1012762403620234,0.00017180240289989268,0.00018420528921903742,0.00025923116391899856,37.5
0.10143061578645263,0.00013012344223901212,0.00019450878462690073,0.0002218915113413808,37.25
0.10153648724650143,0.00013365011588818698,0.00020292045281388997,0.00026756995014975277,37.0
0.101697916018229,0.00017058378627016896,0.00020450250966829884,0.0002163348503009671,36.75
0.10187765481904176,0.00018867549009167484,0.00020032801399891826,0.00035315531139484824,36.5
0.10207526699841235,0.00017224143783712426,0.00019341272200003616,0.00019485105161090588,36.25
0.10222213769471601,0.00014969149491349948,0.00018907499482920468,0.00024126331200805332,36.0
0.10237464998823935,0.00014352801569618434,0.0001872271798528967,0.00017900056346362506,35.75
0.10250919372610838,0.00012391784161736724,0.00018634132428909522,0.00018954078532357893,35.5
0.10262248567147408,0.00010270729610997037,0.0001846994253243254,0.00013875774620426135,35.25
0.10271460831832832,8.376362407304383e-05,0.0001821594916726468,0.0001952515749253786,35.0
0.10279001291962017,5.108088458634363e-05,0.0001783739713580355,0.00013166267684582011,34.75
0.10281677008750101,2.5674184548026002e-05,0.00017511905308997296,0.00016626537496221283,34.5
0.10284136128871622,1.0680764481747762e-05,0.00017013108350164618,0.0001914579939750194,34.25
0.1028381316164645,-2.452997460913181e-05,0.0001645782375950446,0.0001305075903812597,34.0
0.10279230133949796,-4.915048759522589e-05,0.00015930323200141424,0.00014326791284179075,33.75
0.10273983064127405,-5.769582764533071e-05,0.00015150268605310647,0.0002004731666146002,33.5
0.1026769096842073,-7.142800168840474e-05,0.0001423512766242972,0.00011636091152089981,33.25
0.10259697463789724,-6.374682550133737e-05,0.0001325518746398895,9.493336760352244e-05,33.0
0.10254941603320462,-5.767801123163219e-05,0.00012089328332628031,0.00011392104177028461,32.75
0.10248161861543398,-7.72977444704337e-05,0.00010967508953132578,0.00010665528611714797,32.5
0.10239482054426376,-9.681423127056582e-05,9.924398632995373e-05,5.3408766434386024e-05,32.25
0.10228799015289285,-0.00011603132362950075,8.973930367680692e-05,0.00014175268802724822,32.0
0.10216275789700476,-0.00013363644276808556,8.114117574178873e-05,8.632489603910623e-05,31.75
0.10202071726735668,-0.00014900587730646425,7.350774455229728e-05,6.15549799694616e-05,31.5
0.10186474614239183,-0.00016211095409461584,6.670252152765487e-05,0.00010831256176053322,31.25
0.10169649535916744,-0.00017600493554338625,6.0866215181702985e-05,5.6151849755752686e-05,31.0
0.10151273627130505,-0.00019232192731379744,5.625067140739698e-05,7.379551909624665e-05,30.75
0.10131185150453985,-0.00020828080346018546,5.315747916150815e-05,6.097498381318206e-05,30.5
0.10109617466438468,-0.00022192512069256487,5.158577747701571e-05,5.545728039753686e-05,30.25
0.10086800126315472,-0.00023272227688116848,5.150518473307284e-05,7.977751910978256e-05,30.0
0.10063073011062235,-0.00024148790234138767,5.3124832888176743e-05,5.112121192309485e-05,29.75
0.10038502545847194,-0.0002502332067739754,5.6181517505496534e-05,8.32965970061425e-05,29.5
0.1001302636970744,-0.000259447532042871,6.021387956157071e-05,7.079329200935028e-05,29.25
0.0998661303943862,-0.0002692724855244896,6.484916829194329e-05,8.254155870409535e-05,29.0
0.09959171872602542,-0.00027976615636545604,6.98750133187961e-05,5.20139341292046e-05,28.75
0.09930659808165529,-0.000289626951499547,7.486656104973927e-05,8.831606990983634e-05,28.5
0.09901246482302632,-0.0002965159678896545,7.930427910540267e-05,9.805951277327973e-05,28.25
0.09871356614587598,-0.00030066616193968887,8.388508928003706e-05,6.275690110406004e-05,28.0
0.09841113249914694,-0.00030468778698985316,8.86183364483111e-05,0.00010886629367934039,27.75
0.09810419057189627,-0.00031022154453607537,9.338013621972459e-05,0.00013534778981506845,27.5
0.0977906894100748,-0.0003169177282201785,9.781573539214963e-05,0.00015823239153664806,27.25
0.09747035511545592,-0.0003219630823215261,0.00010156837874384106,0.00012554346210149128,27.0
0.09714676324543174,-0.00032329624826084313,0.00010509890135856269,0.00016303212249484458,26.75
0.09682376261893423,-0.00032293596813574854,0.00010871364188042068,0.00011297436021972043,26.5
0.09650089130916024,-0.00032285330770867593,0.00011224380505909034,0.00012184476103439812,26.25
0.09617805600351688,-0.0003220054132230185,0.00011556175527345142,0.00015031688703869353,26.0
0.09585688048271421,-0.0003197697747686287,0.00011868171288282101,0.00012033346443941773,25.75
0.09553851645397962,-0.0003175612554799159,0.0001216033230750394,0.0001022275517393624,25.5
0.09522175797175438,-0.0003157208506293849,0.00012426730360081043,0.00019407700607152953,25.25
0.09490707475272085,-0.00031205396382047446,0.0001267012704100551,0.00013411180413337373,25.0
0.09459765004411343,-0.00030628070332007484,0.00012896010476535027,0.00014291084900321452,24.75
0.0942945133460807,-0.0002996151753842241,0.00013105797357615743,0.00017164704627335367,24.5
0.09399841969334498,-0.0002927055919883653,0.00013314081903992192,0.00013965396569940933,24.25
0.09370910216210397,-0.000285813491407938,0.00013535525285798562,0.00015240477020254592,24.0
0.0934267927105291,-0.0002772763408043777,0.00013768187325285754,0.00016031893927672194,23.75
0.09315454948049522,-0.00026771183666510906,0.00014011460217437945,0.0002502186292797602,23.5
0.09289136903719888,-0.0002596554110445154,0.00014258849646528205,0.00012437642935073448,23.25
0.09263523865840619,-0.0002528532507447348,0.00014500917537645184,0.00015935791792316342,23.0
0.09238566253570941,-0.00024607372774110986,0.00014723089914215424,0.0001536681955486563,22.75
0.09214309120292397,-0.00023857146957081965,0.00014934726437408808,0.00011010644480215215,22.5
0.09190851959656778,-0.0002314039709021415,0.0001514630943297184,0.00012787168555547512,22.25
0.09168028326111968,-0.0002253608773153254,0.0001533846963913482,0.000130760504259652,22.0
0.09145779784193712,-0.00021963541415871007,0.00015489487637100117,0.0002474952410177131,21.75
0.09124101243280226,-0.00021497347103202613,0.00015620613965350077,0.0001921410139802647,21.5
0.09102785089987307,-0.0002119791771871271,0.00015739522091738907,0.00022500791590874744,21.25
0.09081705407842801,-0.00020907079300136466,0.00015812470513502884,0.00023943885766100972,21.0
0.09060970931387034,-0.00020456994080756546,0.00015854086221811443,0.00023328619495919384,20.75
0.09040791419681288,-0.00019992896414320477,0.00015875494206027331,0.00013667155635872785,20.5
0.09020985138558393,-0.00019655308600634996,0.00015845853643354675,0.0002757438989141499,20.25
0.09001480802480018,-0.00019236686455793156,0.00015775289371820924,0.00011162969443034507,20.0
0.08982511765646807,-0.0001873107731513307,0.0001570826448724992,0.00011658933078527098,19.75
0.08964018647849752,-0.00018345942004926313,0.0001562216956354472,0.00011066208078109457,19.5
0.08945819881636954,-0.0001801426581602289,0.0001550138391666073,0.0001516094386399408,19.25
0.08927990116217706,-0.000177799408250974,0.00015391619281213736,0.00013596513331074617,19.0
0.0891025999998676,-0.00017739121634142985,0.000152630027659701,0.0001896678358878738,18.75
0.0889251187294942,-0.0001753028306421267,0.00015077581628591627,9.503984793974782e-05,18.5
0.08875199433858334,-0.00017195536881253054,0.00014897297431595881,0.00015021420872460278,18.25
0.08858120799186914,-0.00017028711064596275,0.0001470862135752598,0.00015188315703256253,18.0
0.08841142011729142,-0.00016813337786031335,0.0001450236377763877,0.0001505839869779292,17.75
0.08824494123614851,-0.00016507182902104206,0.00014310072024748772,0.00021006583424950168,17.5
0.08808127645924933,-0.00016197873324357015,0.00014130440003136405,0.00015939167565918316,17.25
0.08792098376966137,-0.00015862085269555126,0.00013952857601067024,0.00013430755470032057,17.0
0.08776403475385823,-0.00015619422605863548,0.00013760692377675794,0.00012519224827928568,16.75
0.0876085953175441,-0.00015265900221276413,0.00013577391474170686,7.120186670364279e-05,16.5
0.0874587167494327,-0.00014790862752466633,0.0001342124221754761,0.0001944790119617415,16.25
0.08731277806249477,-0.0001437953641551873,0.00013283493852562654,0.00017302014883499237,16.0
0.08717112602112233,-0.0001392566329222536,0.00013147059195780958,0.00012155869981541473,15.75
0.08703426479665026,-0.0001375291066121609,0.0001301307217916042,0.00011854112622846497,15.5
0.086896067807898,-0.00013676415340029002,0.000128773563850177,9.466635479950941e-05,15.25
0.08676073648984968,-0.00013291882790596177,0.00012753787966790416,0.00010790107170207536,15.0
0.08663023015208608,-0.0001298555269033802,0.00012651959020570675,0.00010735240363069637,14.75
0.08650102543604292,-0.000128452912114857,0.00012561548965335569,0.0001240728115696338,14.5
0.08637332432785637,-0.0001262662944902515,0.00012482068961805622,0.00010331630333978298,14.25
0.08624849284706242,-0.00012387718461308317,0.0001242971100938506,0.00012929560973846954,14.0
0.0861255699586302,-0.00012281801052100444,0.0001235860943147298,0.00013753466056430977,13.75
0.08600285682602041,-0.0001238630842473193,0.00012277428966310204,0.00010978033084079256,13.5
0.08587784379013556,-0.0001263107820053469,0.00012189479433020678,0.00011305307090496777,13.25
0.08575023526200971,-0.00012807877914362137,0.00012086908437470102,0.00015637826442752023,13.0
0.08562168623184832,-0.00012933194554989175,0.00011972804829308743,0.00011694901133162128,12.75
0.08549157137090993,-0.00013172420257392958,0.00011819071872218893,0.00014584349922184409,12.5
0.08535823782670046,-0.00013413107047782064,0.0001162082372932516,6.182972378942359e-05,12.25
0.08522330922995429,-0.0001332982037718783,0.00011414718473584942,0.0001311080294210537,12.0
0.0850916414191567,-0.00012753085231956285,0.00011211531663352031,0.00011337172116593006,11.75
0.08496824752531516,-0.00012073721881832034,0.00011025464666069922,0.00015425585644344986,11.5
0.08485016698152006,-0.00011574433734090617,0.00010850990270638715,0.0001454124358336098,11.25
0.08473675885063335,-0.00011088217573945042,0.00010692069030773484,0.00016630723676907752,11.0
0.08462840263004116,-0.00010547222484934282,0.00010579574792073409,0.0001291937482420409,10.75
0.08452581440093467,-9.898404354461571e-05,0.00010522829876748527,8.232719195438651e-05,10.5
0.08443043454295193,-9.189300137778245e-05,0.00010521658873291819,0.00011690461019118678,10.25
0.0843420283981791,-8.365996754416266e-05,0.00010538486743006954,0.0001132446101727233,10.0
0.0842631146078636,-7.231478008106612e-05,0.00010555484976189693,0.0001634589257762699,9.75
0.08419739883801697,-5.959621422092082e-05,0.00010594685216992529,0.0001466720732024862,9.5
0.08414392217942177,-4.7659913669319265e-05,0.0001066976672678711,0.0001226848549847094,9.25
0.08410207901067833,-3.609590159048964e-05,0.00010769584153119403,0.00012656291752751944,9.0
0.08407173037624079,-2.4387724738741956e-05,0.00010861420379218805,0.00013558774396522227,8.75
0.08405330356120085,-1.2738318230551271e-05,0.00010960953753209944,0.0002106295805712234,8.5
0.08404625373977968,-2.1070370396711335e-06,0.00011065477164824719,0.00011550985061439117,8.25
0.0840490894871215,7.854741445725844e-06,0.00011156981187811014,0.00015284054265765623,8.0
0.08406196322267113,1.6433423001831204e-05,0.00011226046767032471,0.00013608255227508248,7.75
0.08408195633312517,2.379496598534786e-05,0.00011274208618632798,0.00020640061080391334,7.5
0.08410955315464183,3.1412135984988654e-05,0.00011308022107547014,8.880093699243155e-05,7.25
0.08414478060509514,3.841921521452463e-05,0.00011315671455956936,6.794540941087307e-05,7.0
0.08418639158507088,4.5963012200764264e-05,0.00011294963331562978,0.0001048532526939476,6.75
0.08423670662949667,5.36578437689908e-05,0.00011247306665995653,0.00010764081196335679,6.5
0.08429370727260886,5.9725325250337136e-05,0.00011180641152970362,4.540157283980731e-05,6.25
0.08435615727999735,6.410693419446611e-05,0.0001109265839940158,0.00011490290453388535,6.0
0.0844219211409978,6.858785408279944e-05,0.00010994057812178068,6.473730856388152e-05,5.75
0.08449333298816294,7.542422354495093e-05,0.00010868400200257678,9.038517990457573e-05,5.5
0.0845727695880877,8.214698864316555e-05,0.0001071387165419696,6.989783459343188e-05,5.25
0.08465762696544928,8.793846263625837e-05,0.00010563469405908413,0.00013379210666841432,5.0
0.08474864651336021,9.485821822233925e-05,0.00010424831264293033,8.673052026325623e-05,4.75
0.08484734340189395,0.00010324414549079536,0.00010267230625819942,0.00011196719611789724,4.5
0.0849551348043418,0.0001096885472998757,0.00010087485205815871,0.00012321066288613694,4.25
0.0850667204964937,0.00011172002038929707,9.927066141268545e-05,0.00012482687711916352,4.0
0.0851785748451204,0.00011357831873031604,9.782939015869401e-05,0.00011781641715447044,3.75
0.08529387713395434,0.000116745999103815,9.652664404773427e-05,0.00014119158214768654,3.5
0.08541206684332803,0.00011838572178619888,9.524202478704748e-05,0.00013760749827895075,3.25
0.08553064857752674,0.00011804221263807257,9.38658664947125e-05,8.52981042630506e-05,3.0
0.08564815126860417,0.00011601005309844897,9.249675241592328e-05,8.531570992455911e-05,2.75
0.08576266868372363,0.00011279835569680263,9.104996534141792e-05,0.00013818405844191056,2.5
0.08587374797999778,0.00010998229927244862,8.946281794165614e-05,0.00011373225127299727,2.25
0.08598263328226853,0.0001051411095007379,8.764329379040134e-05,0.0001242830634606458,2.0
0.08608403019899925,9.790274893153178e-05,8.564752294284235e-05,0.00010396742461115521,1.75
0.0861784387801316,9.22611961025957e-05,8.364463645821077e-05,0.00012831722873652557,1.5
0.08626855259120444,8.821566887178695e-05,8.184168723989202e-05,0.00010860749883168791,1.25
0.08635487011787517,8.283627444258951e-05,8.021841841544686e-05,7.56123589042701e-05,1.0
0.08643422514008962,7.397900545914882e-05,7.917313236971889e-05,8.400778111240445e-05,0.75
0.08650282812879347,6.394385553026155e-05,7.858563890842442e-05,8.989633215880644e-05,0.5
0.08656211285115015,5.23636588838014e-05,7.849395559707041e-05,0.00011232916001114104,0.25
0.08660755544656107,3.895975366692561e-05,7.902648687546375e-05,7.106885498170054e-05,-0.0
0.086640032358484,2.5264178334788445e-05,7.985642502089755e-05,0.00011902256530347405,-0.25
0.08665808380323065,1.1578624648553304e-05,8.080278041406095e-05,0.0001125832220728179,-0.5
0.0866631896077811,-8.558623893692441e-07,8.186674170771394e-05,9.614976639832004e-05,-0.75
0.08665637207845191,-9.857954017186699e-06,8.295304952609173e-05,0.00011942468541398937,-1.0
0.08664347369974673,-1.5366816476403145e-05,8.397683054416836e-05,0.00012024250139964707,-1.25
0.0866256384454991,-1.905449785197244e-05,8.470648758454853e-05,6.406178635506854e-05,-1.5
0.08660536470404279,-2.2474808978142913e-05,8.523801194957443e-05,8.411170282079591e-05,-1.75
0.08658068882754281,-2.6519213325401636e-05,8.559256061076667e-05,6.261887887138926e-05,-2.0
0.08655232627739198,-2.923501928282085e-05,8.566469263339706e-05,0.00011876754066725975,-2.25
0.08652221878897717,-3.0562547146749386e-05,8.564802620230015e-05,7.232231007859094e-05,-2.5
0.08649120118309848,-2.955894187216951e-05,8.560981915137172e-05,0.00011147329664110486,-2.75
0.08646310090523283,-2.6463171670328134e-05,8.529373576493285e-05,0.00010579969757948393,-3.0
0.08643827483975783,-2.5888517006758538e-05,8.450154658860738e-05,5.9968318027341094e-05,-3.25
0.08641132387121932,-2.9726275681048187e-05,8.34056363398989e-05,7.211356391812265e-05,-3.5
0.08637882228839573,-3.451835710820833e-05,8.218096820963943e-05,5.357224280840012e-05,-3.75
0.0863422871570029,-3.903831384194367e-05,8.070026625407916e-05,9.905308489809028e-05,-4.0
0.08630074566071184,-4.607358405789991e-05,7.87862700991688e-05,9.042161112616035e-05,-4.25
0.0862501399888871,-5.431357555508998e-05,7.638237784308199e-05,9.042801464301253e-05,-4.5
0.08619211850960166,-6.0099215843531506e-05,7.379928057210695e-05,7.965480941771533e-05,-4.75
0.08612994155720004,-6.525653131859294e-05,7.117156919153838e-05,7.395358363447221e-05,-5.0
0.08606160544696448,-7.131561060270963e-05,6.875640163887678e-05,9.648757786611534e-05,-5.25
0.08598731033599462,-7.951855186084933e-05,6.647128960658975e-05,9.268542191926202e-05,-5.5
0.08590256834324278,-8.91923564338426e-05,6.450764436797892e-05,7.541396243780293e-05,-5.75
0.08580892562312693,-9.584066433485083e-05,6.305805109687472e-05,4.5399104176092886e-05,-6.0
0.08571088701457308,-9.811306469895836e-05,6.204702987660252e-05,5.7072955652145985e-05,-6.25
0.08561269949372902,-9.866316310161438e-05,6.137259826471195e-05,8.939624693657736e-05,-6.5
0.08551356068836985,-0.00010254255590434053,6.125227444132069e-05,8.6691863468321e-05,-6.75
0.08540761438192034,-0.00010754537959711125,6.154048884421454e-05,6.511288440141233e-05,-7.0
0.08529846992917563,-0.00011024735884505865,6.23339052971817e-05,0.00013194363192431044,-7.25
0.08518711966423022,-0.00011109464950882775,6.350303879982535e-05,7.763104981060517e-05,-7.5
0.08507628063015797,-0.00010879186285327191,6.469969597600144e-05,9.613020807227451e-05,-7.75
0.08496953593852367,-0.00010415997243766462,6.575564034413213e-05,3.612446601150565e-05,-8.0
0.08486796068528264,-9.987423032013082e-05,6.6552963605429e-05,6.906178826006706e-05,-8.25
0.08476978747788341,-9.565366042350865e-05,6.69959501916157e-05,5.638112075005003e-05,-8.5
0.08467665336443563,-8.833773981656995e-05,6.70428833926696e-05,7.177202170945834e-05,-8.75
0.08459311199825027,-7.701064689397824e-05,6.682191082070671e-05,3.495952215122958e-05,-9.0
0.08452263207064767,-6.56166492599003e-05,6.631474698016543e-05,8.962203754608877e-05,-9.25
0.08446187869973047,-5.587882224852153e-05,6.565200065422745e-05,5.585315545168085e-05,-9.5
0.08441087442615063,-4.429392885639538e-05,6.50653307729457e-05,7.066120861420541e-05,-9.75
0.08437329084201768,-3.1872244691547036e-05,6.462938920064514e-05,0.00010684953247679096,-10.0
0.08434712993676753,-2.235207339124773e-05,6.442018174900632e-05,5.505524337642148e-05,-10.25
0.08432858669523519,-1.5464206175784534e-05,6.440077267120101e-05,8.068720051835482e-05,-10.5
0.08431620152441596,-7.452461677902311e-06,6.4552531950532e-05,6.441384292436847e-05,-10.75
0.08431368177187938,2.3053379285195574e-06,6.491099435724916e-05,6.65371519286348e-05,-11.0
0.084320812200273,1.065851434545878e-05,6.55616837512165e-05,7.096040882332774e-05,-11.25
0.0843349988005703,1.6070167485511544e-05,6.640627922250325e-05,7.032038435810656e-05,-11.5
0.08435295253524402,2.0433539349329344e-05,6.732041883133544e-05,6.108967921673522e-05,-11.75
0.08437586587926896,2.612909731553731e-05,6.846377873348106e-05,7.268110639763528e-05,-12.0
0.0844052107298751,3.122128061288504e-05,6.997244093514277e-05,8.621033031377956e-05,-12.25
0.08443830844049473,3.695020459463377e-05,7.185551792091705e-05,8.173466807056759e-05,-12.5
0.08447911113906437,4.5911196260857434e-05,7.42503038858679e-05,0.00011442931468036086,-12.75
0.08453013083301644,5.5761678623894584e-05,7.725782516749993e-05,9.743228752702796e-05,-13.0
0.08459063449631216,6.468545913107526e-05,8.09999957327709e-05,6.902961255717335e-05,-13.25
0.08465950175127859,7.297812759810007e-05,8.583938948804329e-05,7.812067548669185e-05,-13.5
0.08473659075150836,8.077827564142298e-05,9.14851763618835e-05,0.00010666428018012153,-13.75
0.08482105830256144,8.857423243854162e-05,9.755987631229323e-05,0.00012654797845980392,-14.0
0.08491373921638544,9.521709092511627e-05,0.00010384012029409056,9.286058646146636e-05,-14.25
0.08501149248441167,9.848708863274824e-05,0.00011041506677401627,0.00011673247926154498,-14.5
0.08511071339365094,9.83888000199648e-05,0.00011666073802924314,0.0001462693692741851,-14.75
0.0852082700844516,9.782865587244088e-05,0.0001219027137323532,0.0001146271461295971,-15.0
0.08530637070539582,9.878631471256505e-05,0.00012574412925753028,0.00018093714707020925,-15.25
0.08540584271387673,0.00010133601129050374,0.00012860044874180016,0.0001847241640691305,-15.5
0.08550904272797683,0.00010453442743833113,0.0001307238002414733,0.0001234562458259647,-15.75
0.0856149115687534,0.00010492172944072398,0.00013212113327569172,9.261514264842854e-05,-16.0
0.08571888618685827,0.00010234136744793898,0.0001325031907068249,7.472621603852106e-05,-16.25
0.08581959430364927,0.00010060118859633871,0.00013173762751141562,0.00016960129612202807,-16.5
0.08592008856405095,0.00010050693567225516,0.00012966437283645166,0.00012414246683201818,-16.75
0.08602060817499378,0.00010024290588189766,0.00012657119525685828,0.00011165096616965256,-17.0
0.08612057437581475,9.790634742937177e-05,0.00012266006676128638,0.00017086111204048932,-17.25
0.08621642086985253,9.01603174727067e-05,0.00011818791809704871,0.00013021600900635366,-17.5
0.08630089501076016,7.98141181183043e-05,0.00011333250440686998,0.0001460750661507193,-17.75
0.08637604910608913,7.154153051017881e-05,0.00010822637689029826,0.00013792837642414082,-18.0
0.08644397807178052,6.37896447439959e-05,0.00010325814920535327,0.00013506287632396308,-18.25
0.08650362839557713,5.4794526560993095e-05,9.86951619237528e-05,0.00011519658642867442,-18.5
0.0865535671249025,4.480859762731604e-05,9.4600350956712e-05,7.726206501516841e-05,-18.75
0.08659324559083176,3.7019340529707845e-05,9.105104983160756e-05,0.0001415233124037879,-19.0
0.08662760580596192,3.194858606079404e-05,8.820951520339143e-05,6.582746505683079e-05,-19.25
0.08665714276295335,2.8808598926378937e-05,8.592481654590607e-05,0.0001141586600455595,-19.5
0.08668522300381468,2.88252279604731e-05,8.413157500399609e-05,6.867906360550832e-05,-19.75
0.08671479321887429,3.219656913445307e-05,8.256207366845153e-05,7.677894565445015e-05,-20.0
0.08674961614208358,3.8010028292040365e-05,8.11165263396193e-05,8.922306496206289e-05,-20.25
0.08679081327545837,4.577871647810233e-05,7.943984503462284e-05,7.483717893391403e-05,-20.5
0.08684117357503979,5.6303792983040946e-05,7.735520263644748e-05,7.035312823581649e-05,-20.75
0.08690342086142445,6.955454273814554e-05,7.475013700798715e-05,4.94799117239722e-05,-21.0
0.08698028266051608,8.35030338135756e-05,7.171227499206313e-05,9.279604237810365e-05,-21.25
0.0870704269290516,0.00010011121400674977,6.849077832914592e-05,8.608560965757753e-05,-21.5
0.08718050508852958,0.00011931736460939896,6.516356858318218e-05,5.849397702305595e-05,-21.75
0.0873090616582704,0.00013643542158217614,6.187668026060006e-05,6.464851992864923e-05,-22.0
0.08745337593169393,0.00015097215157508503,5.876839958493722e-05,5.246498672408992e-05,-22.25
0.08761100596142057,0.00016345644378397417,5.603032883878383e-05,7.672521143907429e-05,-22.5
0.08778028881926188,0.00017851921350365424,5.432837125859996e-05,9.085120882129996e-05,-22.75
0.08796804438842788,0.00019684995955400464,5.413942431571816e-05,3.879444383010633e-05,-23.0
0.08817398873836989,0.00021378495374860945,5.602180209516014e-05,3.9001752391607664e-05,-23.25
0.0883956142959251,0.0002263774875519292,6.0021976557300086e-05,6.52513834219666e-05,-23.5
0.08862674371347375,0.00023344682292953528,6.566952689197277e-05,5.2904479659277026e-05,-23.75
0.08886250794178417,0.0002386649869330973,7.237813430635737e-05,0.00011979373991696449,-24.0
0.08910407368733994,0.0002444201906446619,7.955317353720189e-05,7.056092771566894e-05,-24.25
0.0893513483230735,0.0002520702884535181,8.680120748492911e-05,0.00015220534170819547,-24.5
0.08960821426424698,0.0002594168930329793,9.336483354051189e-05,8.456551404093654e-05,-24.75
0.08987018210913945,0.00026303322694835873,9.89787454807317e-05,0.00011238220142827451,-25.0
0.0901342807181437,0.00026564015280419045,0.00010363613000837827,6.435252633467045e-05,-25.25
0.09040146241474784,0.0002674771221434988,0.00010736340935517627,0.0001374052745226062,-25.5
0.09066923496243069,0.0002694147225635671,0.00011005176067483929,0.0001811131411565449,-25.75
0.09094029185987497,0.00027386387339323887,0.00011150457432664006,0.00019443294414002096,-26.0
0.09121696270921717,0.00028325578026548726,0.00011161083772374317,0.00010857958413997698,-26.25
0.09150680342040594,0.00029919528467024087,0.0001104851190150808,0.0001436857321575162,-26.5
0.09181535327855765,0.00032048982350834504,0.00010803752293187153,9.361931169837509e-05,-26.75
0.09214778306742263,0.00034697283857351713,0.00010477164180773209,0.00010723949867493324,-27.0
0.09250929895570469,0.0003751938846149952,0.00010146930081496465,8.881032302351585e-05,-27.25
0.09289817083665262,0.0004053664100603857,9.88442406768247e-05,0.0001017273303423466,-27.5
0.09332003177582546,0.0004405355466093677,9.72042483784404e-05,0.00010803928013543643,-27.75
0.09377924192987136,0.0004776957515234964,9.721771533776297e-05,0.00010555970320481542,-28.0
0.09427542327887245,0.000514914637377524,9.880620548744466e-05,0.0001242889820033677,-28.25
0.09480907120462641,0.0005504974365214549,0.0001023449653776359,0.00013467269901379364,-28.5
0.09537641815191536,0.0005801749351605281,0.00010773878569582717,9.718492770420181e-05,-28.75
0.09596942107494746,0.0006014109316415661,0.00011456952429967882,0.00017955574626793425,-29.0
0.09657924001519849,0.0006110776991276393,0.0001227001224870249,0.0001526279086871661,-29.25
0.09719157647320274,0.0006084083123218745,0.00013184806950216517,0.00016915604685500962,-29.5
0.09779605663984224,0.0005935461370345785,0.00014250132695456554,0.00013920389328489838,-29.75
0.0983786687472719,0.0005646584292993001,0.00015392279851269796,0.0001854776640182014,-30.0
0.09892537349844084,0.0005218529749007952,0.00016563835610463123,0.00019742951274822826,-30.25
0.09942237469707349,0.000468204505165222,0.00017728218624036803,0.00011341443598639547,-30.5
0.09986178250877129,0.0004088333508388345,0.0001890077626546707,0.00018988427842241834,-30.75
0.10024004139875116,0.0003494359156995877,0.0002007383546385922,0.00017644842723368512,-31.0
0.10056065434017046,0.00028929878448862717,0.00021251675836831272,0.00026355793085519955,-31.25
0.10081863896772841,0.0002316866583924604,0.00022342561732674384,0.0001739430105854138,-31.5
0.10102402765695538,0.00018275812386273765,0.0002335498696439857,0.0001779296680780862,-31.75
0.10118415521545389,0.00013955923909271528,0.00024321163222258414,0.00020945013335221113,-32.0
0.10130314613514081,9.810881214012551e-05,0.0002520064360742381,0.000235470582617886,-32.25
0.10138037283973414,5.514240240050983e-05,0.0002598977984375032,0.00026146973887879177,-32.5
0.10141343093994183,1.907513741431638e-05,0.00026505391237982903,0.00019758029474866573,-32.75
0.10141852311456277,-2.6627382443966674e-06,0.0002678417906803798,0.0002785476031654799,-33.0
0.10140810546345304,-1.4460483521820666e-05,0.0002690778307531613,0.0003040360218923878,-33.25
0.10138960214751913,-2.3695585365753058e-05,0.0002692305801959438,0.00025252178342554873,-33.5
0.10136071429272153,-3.629469982824318e-05,0.00026820434698130395,0.0003078500514048961,-33.75
0.10131701274786264,-5.124126590873995e-05,0.00026550390608409284,0.00031928175217296045,-34.0
0.10125823176090405,-6.43247498859495e-05,0.00026139612961524356,0.0002698612761302087,-34.25
0.10118836324809075,-7.168671527264803e-05,0.00025658381779131286,0.00024010727852689234,-34.5
0.10111485833035876,-7.76648869725699e-05,0.0002524081182133117,0.00020548797207447025,-34.75
0.1010330334741456,-8.352634800729702e-05,0.0002485524616065696,0.0003208641783550535,-35.0
0.10094780563434416,-8.484018684760258e-05,0.00024584644454627016,0.00018513800586317936,-35.25
0.1008633531004504,-7.998147882772727e-05,0.00024405906674215106,0.00028703217972712164,-35.5
0.10078784267668871,-7.060087983815078e-05,0.00024319297533898735,0.0003227206471953063,-35.75
0.1007221513407741,-6.378438734229441e-05,0.00024310573917924177,0.00023463383237299143,-36.0
0.10066027390200412,-6.225581547847359e-05,0.00024293907699999233,0.00041463475339300476,-36.25
0.10059763970981715,-5.938883266785877e-05,0.0002417135200865734,0.0002689788477189814,-36.5
0.1005414962366684,-5.3728866244572016e-05,0.0002400784965954348,0.00026262826048162324,-36.75
0.10049018197732801,-4.992696251735623e-05,0.00023779828667624668,0.0003513667155659213,-37.0
0.10044164231163369,-5.166139051460128e-05,0.00023450534477651924,0.0003870569323849854,-37.25
0.1003868591962988,-6.151901250631836e-05,0.00022903278150266106,0.0002785487592544614,-37.5
0.10031860428662105,-6.70752642919284e-05,0.0002192120118476556,0.00026585184532402356,-37.75
0.10025270866771495,-6.520738682559007e-05,0.00020880435118889412,0.0002610195142513823,-38.0
0.10018818951296987,-6.508636435013926e-05,0.00019847560633805362,0.00018923479753853514,-38.25
0.10012253593901467,-6.686521692884223e-05,0.00018858884344495017,0.0002485738651359336,-38.5
0.10005445907911219,-6.942203391200469e-05,0.0001791482855189158,0.00018738644572592264,-38.75
0.09998369187119066,-7.223405224327656e-05,0.0001703048994082534,0.000232229162338584,-39.0
0.09990999097462563,-7.58514633981619e-05,0.00016183891413628216,0.00013615385440752387,-39.25
0.09983198894439434,-7.761279278742372e-05,0.00015315272715532091,0.00017927681823430922,-39.5
0.09975476538905079,-7.852741627814575e-05,0.00014484042367171357,0.00018951843091106688,-39.75
0.09967493411183805,-8.005915799391694e-05,0.00013655431681125303,0.00012976739637551166,-40.0
0.09959464707306295,-8.146141012698588e-05,0.00012869000342083167,0.00015278558091851718,-40.25
0.09951201129158407,-8.083691970058732e-05,0.00012119856611069191,0.0001924360442326356,-40.5
0.09943297323366178,-7.74646474012361e-05,0.0001143998490028429,0.00015626187438395542,-40.75
0.0993570819967816,-7.199600931558775e-05,0.00010812157700088998,0.00018896835508486892,-41.0
0.0992889812150306,-6.208511159448704e-05,0.00010264481696231751,9.784861784748605e-05,-41.25
0.09923291177359263,-4.781587129022713e-05,9.860865636041033e-05,8.527182482961915e-05,-41.5
0.09919334947245015,-2.611020824696414e-05,9.627062234679451e-05,0.00010055584948661864,-41.75
0.0991806913570987,-5.0165239998470335e-06,9.682033441875332e-05,0.00013945897926479975,-42.0
0.09918331642445045,9.301567603155203e-06,9.879031454143114e-05,0.00011801192423185544,-42.25
0.09919929449230501,2.3674588645869465e-05,0.00010217796953910257,0.00011907620031068392,-42.5
0.0992306656017422,3.6644927277867945e-05,0.00010738290950753937,7.44363461302501e-05,-42.75
0.09927258434686075,4.9239728843887554e-05,0.00011358790296661864,9.941417571735292e-05,-43.0
0.09932914505942997,6.286011688452775e-05,0.00012080814820947476,9.256953311784222e-05,-43.25
0.0993983045806298,7.200757574372246e-05,0.0001288342820050601,0.00012491954269303052,-43.5
0.09947316021091741,7.765798466106977e-05,0.0001373141104395805,0.0001784689991980483,-43.75
0.09955362054995194,8.352688511847894e-05,0.00014604098185215013,0.00015659356417506778,-44.0
0.09964021398115437,9.004571268667744e-05,0.00015481927508921117,0.00023787176666006937,-44.25
0.0997337119753253,9.43075400605814e-05,0.00016346328328718703,8.311201861594536e-05,-44.5
0.09982882906127553,9.309995470566101e-05,0.00017181735750278603,0.000227613180553584,-44.75
0.09991991188473662,8.751467258325679e-05,0.00017957435851102794,0.00018391685121570828,-45.0
0.10000385840644205,8.05422721371421e-05,0.00018659909814780577,0.00014432297830562282,-45.25
0.1000809964290109,7.218015639672698e-05,0.00019285186783292321,0.00023356293187190916,-45.5
0.1001482187192355,6.36201612097334e-05,0.00019842466380096723,8.543012424468491e-05,-45.75
0.10020823675143037,5.7456085507050225e-05,0.00020344193390071718,0.00026364012059200415,-46.0
0.1002631308902496,5.222086442454449e-05,0.0002077019131815104,0.000157960631849155,-46.25
0.10031267848027946,4.795153919748968e-05,0.00021128706722218092,0.0002537784366879979,-46.5
0.10035903396864458,4.37085756321981e-05,0.00021421358119132574,0.0002019175794487904,-46.75
0.10040009563154385,4.017538541574439e-05,0.00021633553878793612,0.00024218689450304295,-47.0
0.10043938473947607,3.9836599126902295e-05,0.00021834868342728895,0.00018815183621692655,-47.25
0.10047976882979766,4.046030751256313e-05,0.000220144490080582,0.00012400882523783824,-47.5
0.1005203053545012,3.7838803643663876e-05,0.00022173630397311452,0.00017226137565502092,-47.75
0.10055544643708499,2.7948311031790463e-05,0.00022277061013471042,0.00020680492410089443,-48.0
0.10057620197656478,1.3102008068054116e-05,0.00022251162533472557,0.0001352202484280196,-48.25
0.1005816504532211,1.9576282891398122e-06,0.0002203929184479417,0.00018256735197097126,-48.5
0.10058011723314306,-8.812763775740973e-06,0.00021690491318766437,0.0001881552963997439,-48.75
0.10056402492566961,-2.6714786347928343e-05,0.00021176936957411157,0.0001642998730452018,-49.0
0.1005266876604472,-4.680878682077061e-05,0.00020475866274165293,0.00027932883693791363,-49.25
0.10047040735202807,-5.657291897533806e-05,0.00019627890184668916,0.00017951142558893934,-49.5
0.10041354182249652,-5.572426846176676e-05,0.0001871705461582026,0.00022299303569404613,-49.75
0.10035895881510454,-5.198758471518239e-05,0.00017793464643762541,0.00022077948610031706,-50.0
0.10030956665306616,-4.646749049774107e-05,0.00016864002845935947,0.0001462784179527797,-50.25
0.10026602383410906,-3.818395231395405e-05,0.0001596402514954627,0.0001293877058728722,-50.5
0.10023319874843825,-2.537575847969681e-05,0.00015126475020529442,9.493876520265052e-05,-50.75
0.10021527231714966,-5.332217423686947e-06,0.0001432648870701418,9.916953250443603e-05,-51.0
0.10022253431359088,1.9681379799553478e-05,0.00013574395595778008,0.00011046523205945555,-51.25
0.10025463507674877,4.299482531040094e-05,0.0001287458459748642,0.00012647672238708454,-51.5
0.10030852396421168,6.358042575950462e-05,0.00012182116692696033,0.00010411967003865277,-51.75
0.10038179592826778,8.267128849552552e-05,0.00011493761254856351,0.00011796136104966215,-52.0
0.10047386654120273,9.938658686585444e-05,0.00010815043158856568,0.00011412964241760276,-52.25
0.10058056910199949,0.00011302700620139522,0.00010152845167790681,9.434030309272284e-05,-52.5
0.10069992055360552,0.00012185096042578725,9.504500533299073e-05,0.00011979750766889438,-52.75
0.10082427102285106,0.00012508605778737553,8.872675379844224e-05,0.00010959801216670062,-53.0
0.10095009266918027,0.00012661049285370846,8.277698105602515e-05,0.00014115966855242704,-53.25
0.10107749200855848,0.0001269738060881362,7.732690882095554e-05,8.057879889408759e-05,-53.5
0.10120404028135654,0.00012549241970102182,7.246277636508974e-05,0.000105470593367539,-53.75
0.10132847684796052,0.0001224912042197615,6.822679295208571e-05,6.31996468257387e-05,-54.0
0.10144902268979607,0.00011855596553088377,6.469596351602965e-05,5.5203073132680663e-05,-54.25
0.10156558877902229,0.00011666651639351266,6.198065921715775e-05,4.6823015983396554e-05,-54.5
0.10168235572258309,0.00011756865572674913,6.0055860089313525e-05,6.814136740023943e-05,-54.75
0.10180072609047579,0.00011620825471734403,5.8625946596832055e-05,5.853846606419799e-05,-55.0
0.10191477223201778,0.00011143646029183885,5.745778862003278e-05,5.3302552849018164e-05,-55.25
0.10202359901105947,0.00010609442386266821,5.646949808415346e-05,4.839077948656442e-05,-55.5
0.10212696107974312,9.967638899162357e-05,5.5459248194109164e-05,5.518903584702736e-05,-55.75
0.10222295178904271,9.290478302881322e-05,5.407948266272467e-05,3.533020505850845e-05,-56.0
0.10231277064580074,8.676369908534876e-05,5.210581370291648e-05,8.34557937521331e-05,-56.25
0.10239647918721341,7.791288977256061e-05,4.9454517257727574e-05,5.455305496337298e-05,-56.5
0.10246859642534586,6.55399606690199e-05,4.616072122048342e-05,6.082304654860676e-05,-56.75
0.10252755910855145,5.283915749696583e-05,4.253901082530917e-05,8.011294152098641e-05,-57.0
0.1025742747403398,4.289409755491025e-05,3.873045253041572e-05,6.418415149656367e-05,-57.25
0.10261334730366127,3.584804450329493e-05,3.454671080680015e-05,2.9115348516631917e-05,-57.5
0.10264597082934639,2.8008466796701492e-05,3.0294281278616862e-05,5.8018662593903314e-05,-57.75
0.10266936423725467,1.7833585722284995e-05,2.6531581836201463e-05,3.0720451006771565e-05,-58.0
0.10268163800079096,5.41594263051004e-06,2.35902031865272e-05,4.083754401216014e-05,-58.25
0.1026801961225157,-7.704966069728425e-06,2.2007930777778953e-05,1.962362529455211e-05,-58.5
0.1026662280686515,-2.0272369520214772e-05,2.1806869873662076e-05,3.1285071192505703e-05,-58.75
0.10263965138347526,-3.319013022938522e-05,2.2405925545550255e-05,2.042381480304653e-05,-59.0
0.10259984780819273,-4.6395691640173375e-05,2.322443849445868e-05,1.9180529587763118e-05,-59.25
0.10254686000019492,-5.6529991180997996e-05,2.4055922893089003e-05,3.997268051642716e-05,-59.5
0.10248678782583073,-6.245301463590064e-05,2.4629440476553023e-05,1.3183214727808396e-05,-59.75
0.10242195397092312,-6.800413004747624e-05,2.4968024226892982e-05,2.02283546403767e-05,-60.0
0.10235077956573578,-7.231381764105649e-05,2.5369118077716706e-05,2.0426989461252987e-05,-60.25
0.102277326335641,-7.465046428826311e-05,2.5450205455971733e-05,2.070304940695461e-05,-60.5
0.10220147863715925,-7.839972324889116e-05,2.5289577553615045e-05,1.2635893344107446e-05,-60.75
0.10212052688914322,-8.370322941239627e-05,2.493776595403564e-05,3.187186082598964e-05,-61.0
0.10203407217833446,-9.03547877058597e-05,2.4460195068971287e-05,2.0497891680938685e-05,-61.25
0.1019398173137315,-9.88272515583602e-05,2.4465961129957418e-05,4.2928902206428726e-05,-61.5
0.10183641767521774,-0.00010778939503752055,2.491489335332667e-05,2.5428368399828954e-05,-61.75
0.10172423852365646,-0.00011737347797631525,2.5641881081430208e-05,3.483438294376098e-05,-62.0
0.10160167071926511,-0.00012904209999593103,2.6639264271002295e-05,2.564428615438666e-05,-62.25
0.1014661543236646,-0.00014086057222026382,2.771755398326163e-05,3.016801491214846e-05,-62.5
0.10131994957482458,-0.00015252488127998065,2.8760618987727976e-05,2.1610533065090365e-05,-62.75
0.10116110456110464,-0.00016835951950425893,2.998753972102686e-05,3.8647538728613096e-05,-63.0
0.10098323053581607,-0.00018643190077280436,3.09704729486391e-05,3.1693894841648e-05,-63.25
0.10078824075955903,-0.0001990833750076179,3.116959284352286e-05,2.3481003486539725e-05,-63.5
0.10058506378580083,-0.00020688579990197492,3.1380641263876175e-05,2.7483852208021187e-05,-63.75
0.10037446915975508,-0.0002116160955483795,3.166068907343438e-05,3.1158828887625084e-05,-64.0
0.10016183159470407,-0.00021010498845181608,3.20066422585099e-05,3.319299579501722e-05,-64.25
0.09995425918285145,-0.00020286513141208606,3.242007241859999e-05,3.192998912913275e-05,-64.5
0.0997561013318799,-0.00019371548924460025,3.314084670009921e-05,4.2629242510559134e-05,-64.75
0.09956682820436225,-0.0001825060324302727,3.399445907309363e-05,3.0340306041966303e-05,-65.0
0.09939108926701935,-0.00016364963515405617,3.4866885976339034e-05,4.615942452502325e-05,-65.25
0.09923952893405413,-0.00013874912128881978,3.590937202476622e-05,3.745584769218602e-05,-65.5
0.09911359102444171,-0.00011333897503051915,3.646057427474777e-05,3.55213403424523e-05,-65.75
0.0990128509839931,-8.874225683813686e-05,3.634388872931294e-05,3.515465040666507e-05,-66.0
0.09893610651076544,-6.780510512078425e-05,3.602849603287022e-05,3.2507755966075524e-05,-66.25
0.09887724077375153,-5.050497201687654e-05,3.559570875329864e-05,3.626418597272793e-05,-66.5
0.09883509656673169,-3.405210375248546e-05,3.520228696317355e-05,4.919075383684121e-05,-66.75
0.09880913656624656,-1.8229276079702317e-05,3.4882152667501487e-05,5.550579417035878e-05,-67.0
0.09879863801457228,-8.953538622319401e-07,3.4351414615999394e-05,2.9262618447701422e-05,-67.25
0.09880734585852209,1.847224590812574e-05,3.3489795744045266e-05,4.8002535389113365e-05,-67.5
0.09883558250638853,3.450105626959937e-05,3.24493588418648e-05,3.554244426103373e-05,-67.75
0.09887634797106129,4.4773153809796185e-05,3.124479956652783e-05,1.895305790265006e-05,-68.0
0.09892512881400813,5.14357803021101e-05,2.9744264636506463e-05,4.069458036334503e-05,-68.25
0.09897921953166551,5.691838672361449e-05,2.8159921107057035e-05,2.9576678430759396e-05,-68.5
0.09903896558745535,6.145195717140867e-05,2.6742051080278034e-05,2.964704771931878e-05,-68.75
0.09910212344600833,6.678766348008902e-05,2.533216077004542e-05,1.803906583988657e-05,-69.0
0.09917254091441553,7.294122127932817e-05,2.4058163690639892e-05,2.3008084131026507e-05,-69.25
0.09924800588856698,7.702540124755047e-05,2.2897805447417734e-05,1.9252778642793456e-05,-69.5
0.09932659171691063,8.075620828463387e-05,2.158772279631706e-05,1.6799731383292105e-05,-69.75
0.09940951830513625,8.725899708271478e-05,2.0310117866976318e-05,3.083818181699033e-05,-70.0
0.09950110971107606,9.366519042887378e-05,1.931457013093671e-05,1.0077925775956592e-05,-70.25
0.099596848685994,9.767094344948629e-05,1.818120225247793e-05,2.9142361235218184e-05,-70.5
0.09969645159797504,0.00010458925884980486,1.690245861900075e-05,1.4526595773941414e-05,-70.75
0.09980602720369361,0.00011559106768815886,1.5741473351064797e-05,2.1456023562561183e-05,-71.0
0.09992763373335135,0.00012518207834055772,1.4367866109729829e-05,8.430093379169223e-06,-71.25
0.10005639136037472,0.00013159442849643155,1.3247135757073513e-05,1.3750321199133136e-05,-71.5
0.10019082259034422,0.0001414823946487495,1.2800455489907598e-05,1.4361218015009752e-05,-71.75
0.10033935614967222,0.00015363138970009987,1.3224618685949645e-05,1.544141521891626e-05,-72.0
0.10049808536974442,0.00016061495688506067,1.5117323700317774e-05,1.5202946902156261e-05,-72.25
0.10066058606344234,0.00016605395188164923,1.8529219219003934e-05,1.614018201472056e-05,-72.5
0.10083019327350771,0.00017691489978706454,2.2991686597441496e-05,2.163216471362875e-05,-72.75
0.10101441586301647,0.00019049537030139951,2.7855954352555272e-05,3.368502788368005e-05,-73.0
0.10121118401411051,0.0002007861273676803,3.277874591320565e-05,4.2221628186310534e-05,-73.25
0.10141598811775183,0.00021090757937661936,3.743397152763777e-05,3.511191758325677e-05,-73.5
0.10163299917286375,0.00022350087416302122,4.172654375710587e-05,5.359966647369013e-05,-73.75
0.10186298986607788,0.00023560207199090077,4.558532458986799e-05,4.85828787227284e-05,-74.0
0.10210420331684555,0.00024624350732709716,4.8892539367446165e-05,7.0746171426668e-05,-74.25
0.10235547688073207,0.0002570043502944097,5.1344713672768616e-05,4.460925229681639e-05,-74.5
0.10261821201743437,0.0002657923464987888,5.2900876351114084e-05,4.356271644081339e-05,-74.75
0.10288706157372965,0.00026757442624111144,5.3899310381742965e-05,4.36587812987603e-05,-75.0
0.1031533608699166,0.0002634159447127693,5.42348722780639e-05,4.618444833119628e-05,-75.25
0.10341389346315519,0.0002578128119272993,5.388763325499737e-05,4.956636165633771e-05,-75.5
0.1036689864937712,0.00025133726872392237,5.2903869950530326e-05,7.313275194362201e-05,-75.75
0.10391656800060303,0.0002422124255914357,5.1297955600904776e-05,3.6393992290013194e-05,-76.0
0.10415341134495407,0.00023098209421188592,4.912361626265257e-05,8.015980102417733e-05,-76.25
0.1043785321890268,0.00021968621765314916,4.6278045696592967e-05,4.376484665492841e-05,-76.5
0.10459278378026036,0.0002057538490809266,4.2695436660139074e-05,4.086772781506168e-05,-76.75
0.10479003988718866,0.0001855677401902192,3.87068810679287e-05,5.0364021611418175e-05,-77.0
0.1049639192606408,0.0001634273983155965,3.44773671516556e-05,3.232816712126288e-05,-77.25
0.10511689468381985,0.00014490868571387372,3.0029619416057573e-05,3.538536771595033e-05,-77.5
0.10525373663206855,0.00012647325896491396,2.54872240051679e-05,2.9103609318899964e-05,-77.75
0.10536984120174968,0.00010470476131546613,2.1132564251941873e-05,1.6589583791408458e-05,-78.0
0.10546314615469948,8.572800796310259e-05,1.7130365579373127e-05,2.1302947954410234e-05,-78.25
0.10554129721767588,7.329376412417571e-05,1.3468027548893453e-05,1.4918358049877123e-05,-78.5
0.10560973368294783,6.379406068666993e-05,1.0167024355037643e-05,1.7254707421414384e-05,-78.75
0.10566888533904922,5.411865314651487e-05,7.649195614475724e-06,6.854403426913985e-06,-79.0
0.10571797098924086,4.424329372561958e-05,6.413819240739361e-06,1.0212586697030263e-05,-79.25
0.10575737192650046,3.5243424123733436e-05,6.484400079552715e-06,7.476236766241345e-06,-79.5
0.10578845783748833,2.715491027842354e-05,7.3222919807014105e-06,8.613017250178046e-06,-79.75
0.10581168174705731,1.921720439514163e-05,8.43721459067947e-06,6.4767974706954334e-06,-80.0
0.10582689224627861,1.0612968709661219e-05,9.654691014536247e-06,1.4210996236628526e-05,-80.25
0.10583290768447663,8.845772284313269e-07,1.0958181501840557e-05,1.2794608572362642e-05,-80.5
0.10582866140073548,-1.025377289779611e-05,1.2313889793192723e-05,1.0554873974635143e-05,-80.75
0.10581240013868104,-2.008804291953048e-05,1.3627381372244376e-05,1.7846335786570605e-05,-81.0
0.10578848531489642,-2.7663293791613253e-05,1.5130243990080136e-05,1.3063061460514419e-05,-81.25
0.10575707355109781,-3.5548861781947716e-05,1.6715718116360263e-05,1.1552765071254356e-05,-81.5
0.10571738759133252,-4.3640842868591934e-05,1.8354814841020657e-05,1.8056304013018554e-05,-81.75
0.10566979186536063,-5.094798498794795e-05,2.002954817562619e-05,1.9304224887387728e-05,-82.0
0.10561549162135662,-5.7781724823818825e-05,2.1743287972310418e-05,2.4682010044376618e-05,-82.25
0.10555422841571299,-6.439544699418653e-05,2.3416728175168608e-05,2.3491905515288236e-05,-82.5
0.10548670072736825,-7.001917926921508e-05,2.505359427675447e-05,2.9445274662441567e-05,-82.75
0.10541419005717456,-7.410211160426006e-05,2.6672294735468665e-05,2.3750898960124556e-05,-83.0
0.10533849650415973,-7.747717808483795e-05,2.817223111672483e-05,1.7600410075049866e-05,-83.25
0.10525923570100489,-8.238242248127109e-05,2.9471591182644992e-05,2.8405560993725876e-05,-83.5
0.10517373165919719,-8.856082902597429e-05,3.0542885077206505e-05,3.7855695110930454e-05,-83.75
0.10508211404295294,-9.445826820771164e-05,3.137863332564801e-05,2.5831629063107625e-05,-84.0
0.10498481512278177,-0.00010034548612300465,3.197900605835429e-05,3.396071196425099e-05,-84.25
0.10488142307070693,-0.0001058854354385047,3.229098578673137e-05,3.372922879030585e-05,-84.5
0.10477304425190476,-0.00011136613117990884,3.249480591572598e-05,4.4658969138616084e-05,-84.75
0.10465869080834711,-0.00011585981303551679,3.2427489882944756e-05,3.63575800668009e-05,-85.0
0.10454132462583372,-0.0001190200697777366,3.217942618741676e-05,4.355791302279935e-05,-85.25
0.10442065066879164,-0.00012422758759440822,3.1760541953332134e-05,2.865957343541753e-05,-85.5
0.1042928694506449,-0.00013456841207259984,3.1089476781832005e-05,2.9901769859903837e-05,-85.75
0.10415151384464644,-0.00014242508576513963,2.9620547223755477e-05,3.489862130557839e-05,-86.0
0.10400801927911463,-0.00014489369035333016,2.7710515209333103e-05,2.5617550259537936e-05,-86.25
0.10386172646393978,-0.0001471293404545701,2.5384775115096968e-05,3.267361974655658e-05,-86.5
0.10371376059820549,-0.00014775326157646929,2.2868953289392414e-05,1.48366665130642e-05,-86.75
0.10356621994078684,-0.00015022336327093905,2.0427953172115458e-05,1.9158602103927502e-05,-87.0
0.10341331387166361,-0.0001566969667519888,1.778676986574123e-05,1.0745451104073739e-05,-87.25
0.10325282600728286,-0.0001637298238450005,1.4893573967188778e-05,1.5913136052654597e-05,-87.5
0.10308585422397361,-0.00016280998242004102,1.1972532985680123e-05,1.269820262154997e-05,-87.75
0.10292720604244278,-0.00015175423131624094,9.304055701016512e-06,1.3425239284776957e-05,-88.0
0.10278234576134113,-0.00015116879279697404,7.5200186018185405e-06,7.711225955983614e-06,-88.25
0.10262486845684883,-0.00016527416766525665,5.514348761301627e-06,8.111678038123793e-06,-88.5
0.10245179742601061,-0.0001885376851519377,3.499614073938585e-06,6.213908573436677e-06,-88.75
0.10224779308654496,nan,2.285981876743816e-06,nan,-89.0
nan,nan,nan,nan,-89.25
nan,nan,nan,nan,-89.5
nan,nan,nan,nan,-89.75
